,energy,event_morphology,drlogl,ra,dec
0,44729.695,Shower,-0.023428092,0.8217592,0.11378086
1,101722.3,Shower,-0.033502504,3.391436,-0.15843026
2,67136.5,Track,-0.93658584,2.231976,-0.6050689
3,144204.58,Shower,0.030817991,2.89947,-0.83245194
4,29600.297,Shower,-0.018292092,0.08632578,0.23668148
5,19719.76,Track,-2.3884077,3.1638415,-0.3709753
6,55321.05,Shower,-0.01065745,2.392781,0.6775408
7,83561.04,Shower,-0.1047837,0.21443474,-0.106719196
8,79761.805,Shower,-0.034922417,2.5906293,0.14145473
9,78448.91,Shower,-0.07454255,5.1321554,-0.87968504
10,255581.23,Track,-1.3011957,1.2386636,0.69976735
11,942578.4,Shower,0.0048194584,4.686571,-0.4421343
12,53827.46,Shower,-0.4596189,0.58702445,-1.3452429
13,27114.434,Shower,0.017079225,2.7678576,-0.31464967
14,173575.6,Shower,-0.067871064,4.1857395,0.3921507
15,33121.773,Track,-2.1501622,6.0493083,-0.43114683
16,64047.215,Shower,-0.011189525,1.503175,-1.2126492
17,1193096.9,Shower,0.06841599,0.64520675,-1.1534078
18,27355.457,Shower,0.017007884,1.156137,-0.47456312
19,194737.84,Shower,-0.025065945,5.22561,-0.24196859
20,81364.59,Track,-0.63023984,3.6190338,-0.28497565
21,26638.078,Shower,0.016709844,4.424169,-0.18719015
22,35887.84,Shower,-0.4152429,1.1860509,-0.18184705
23,168316.34,Shower,0.017015154,2.7687445,0.4699893
24,51042.066,Shower,-0.038612146,2.1252322,-0.35020867
25,47699.125,Track,-2.797685,2.8926778,-1.2313738
26,29447.152,Shower,-0.028835056,5.273434,0.796253
27,121181.914,Shower,-0.004356574,1.9727392,-1.3570366
28,35328.402,Shower,-0.050231885,4.020431,0.7664309
29,302198.4,Shower,-0.0020842142,4.989859,0.1610637
30,40240.477,Shower,-0.059151147,0.10715328,0.38095945
31,2074963.1,Shower,-0.026470652,4.290588,-0.9026534
32,25469.158,Shower,0.05104758,4.282944,0.100454286
33,24099.504,Track,-6.63946,2.950465,0.36108157
34,167372.55,Track,-4.195228,1.6302724,0.28812546
35,94405.83,Shower,0.040673617,2.508285,-0.46356428
36,138372.14,Shower,0.11982132,2.8157825,-0.5655615
37,73717.01,Shower,-0.012954084,1.3058722,0.045773808
38,29446.205,Shower,-0.22606893,3.8473892,-0.42949668
39,70793.59,Track,-0.845796,5.883715,-0.009264876
40,320395.72,Track,-19.553354,3.882865,-1.5006334
41,136868.19,Shower,-0.014578875,2.779506,-0.26143286
42,62983.625,Shower,-0.28213522,3.5613596,1.0140584
43,99209.82,Shower,-0.058090143,3.612332,-0.38887057
44,55050.207,Shower,-0.1656523,2.4632957,-0.6758563
45,20261.828,Shower,-0.028303638,2.3692446,1.0955069
46,57254.07,Shower,-0.015898151,1.2961106,0.8803892
47,138347.9,Shower,-0.020780763,4.2939615,-0.91579896
48,45508.66,Shower,-0.006225113,2.8456986,0.36399838
49,103131.61,Shower,-0.0045869383,4.7753353,-0.8189167
50,130239.625,Shower,-0.040633496,1.9485625,-1.0136929
51,45785.402,Track,-0.8856268,1.7329972,-0.528983
52,115706.945,Shower,-0.018560834,1.1126932,0.33846277
53,89675.95,Shower,-0.0057665217,1.1458166,-0.6041643
54,66139.38,Shower,-0.038660794,2.0484765,-0.5780187
55,36936.973,Shower,-0.01749933,4.566897,-0.31762764
56,83366.85,Shower,-0.033920653,3.3485122,1.3235577
57,155958.45,Shower,-0.027774367,5.999406,0.09598294
58,61357.676,Shower,-0.085508056,4.952305,-0.4286628
59,91619.81,Shower,-0.048772935,1.6989866,-0.46589258
60,70205.95,Track,-13.41116,1.4111851,-0.36213863
61,34811.117,Shower,0.005867194,4.734983,0.5869983
62,36494.023,Track,-0.5528483,6.0503416,-0.00066549866
63,153763.84,Shower,-0.0030571548,5.023464,1.181696
64,117867.22,Track,-2.4562361,4.190398,0.0013332728
65,37655.09,Track,-0.99680513,0.47040176,-0.0012176201
66,52165.926,Track,-1.979954,6.268503,0.12919393
67,153956.95,Shower,-0.07962394,0.11913122,-0.08193196
68,73313.586,Shower,-0.028440299,2.9622705,0.12234207
69,98539.805,Track,-1.5202614,1.8497845,0.10216218
70,120964.31,Track,-2.2714274,4.1997623,0.16491486
71,48104.13,Shower,-0.08369048,1.7884458,-0.4972277
72,671565.5,Shower,-0.02568955,3.000965,-0.3351562
73,51954.547,Shower,-0.027423838,2.099305,-0.032123234
74,138992.25,Track,-9.574182,3.7499568,-0.0036668992
75,106564.13,Track,-3.6582,3.4652572,-0.57609874
76,45206.45,Track,-1.4380516,2.3606055,0.6112229
77,113203.33,Track,-1.9803777,5.1356006,0.2585616
78,140401.55,Shower,-0.036503285,2.7208102,-0.28996468
79,73818.21,Track,-2.7374415,0.72369736,0.2235454
80,66473.22,Shower,-0.012007062,3.808897,-0.16272211
81,36461.684,Shower,-0.04336127,0.4777017,0.2274783
82,48530.402,Shower,-0.014668682,3.3910081,0.39811072
83,261229.53,Shower,-0.015333884,4.9116635,0.46236926
84,167028.28,Shower,-0.017671824,1.3864836,-0.78670603
85,41262.31,Track,-0.64560705,0.9355083,-0.38696697
86,236634.44,Shower,-0.029571323,2.3076406,-0.75662094
87,57284.254,Track,-5.899629,5.3296924,-0.46642047
88,82136.3,Shower,-0.046749927,4.15847,-0.6450996
89,43450.32,Shower,-0.015748488,0.37921938,-0.106179796
90,43242.33,Track,-9.00171,3.8671365,-0.4507913
91,138466.7,Shower,0.09398189,3.6653278,-1.4020405
92,46260.258,Shower,0.0587323,2.1027765,-1.124255
93,34814.184,Shower,-0.0076199956,6.15843,0.02525799
94,390925.72,Shower,-0.009879424,4.0385475,0.40323097
95,191389.53,Shower,-0.025739186,4.166924,0.17485572
96,28022.006,Shower,0.003491723,1.0813826,1.0079285
97,97459.13,Shower,-0.011574011,2.2103434,-0.9609025
98,61788.05,Track,-2.5334458,2.847537,-0.2658
99,38110.426,Shower,-0.14523585,0.91310704,-0.7295963
100,23468.701,Track,-0.5450831,5.46531,0.3211909
101,108144.37,Shower,-0.012687434,6.2677107,1.1408125
102,101925.27,Shower,-0.01504136,5.639252,0.8209239
103,36469.598,Shower,-0.0896144,4.783098,0.014136521
104,133852.78,Shower,-0.073508464,0.868555,-1.0277257
105,76484.56,Track,-2.0658638,3.5991488,0.06202653
106,208503.4,Shower,0.00016272916,5.521599,0.8099826
107,148019.58,Shower,-0.012767853,4.4180946,-0.051510658
108,58908.6,Track,-0.70058405,6.268472,-0.031685382
109,50441.312,Shower,-0.014888378,4.987683,-1.0135843
110,414402.8,Shower,-0.044518795,5.1422167,-0.053649828
111,43037.96,Shower,0.0044455784,6.1171265,-0.83108
112,25377.516,Track,-0.41498727,2.4123392,-0.39140314
113,365926.28,Shower,-0.0076815793,0.050503824,-0.07856884
114,134191.77,Shower,-0.011541598,5.9437523,-0.72792405
115,26185.176,Track,-4.542129,3.8872235,-0.60210353
116,33987.527,Track,-3.8949692,5.5289583,-0.5303459
117,38244.44,Track,-10.379337,6.262244,-0.46702158
118,203453.11,Track,-10.012504,5.372871,-0.5645045
119,25753.693,Shower,-0.093289115,4.908848,0.56860673
120,89239.03,Track,-3.5725913,4.6930947,-0.29017043
121,4802843.0,Track,-9.229951,5.895516,-0.38393354
122,27528.482,Track,-3.3982227,1.1354569,-0.6489753
123,46130.05,Shower,-0.026943294,2.8296762,-0.8404606
124,42278.293,Shower,-0.11641476,4.412484,-0.0966388
125,31206.469,Track,-0.73943204,3.687541,-0.8502205
126,95120.484,Shower,0.014216844,4.458583,-0.18502487
127,69517.55,Shower,0.019624855,6.0175767,-0.9361611
128,22030.545,Shower,-0.17207769,5.3871455,-0.48859546
129,25568.033,Track,-2.360124,4.633395,-0.28033942
130,29679.123,Shower,-0.13373818,2.7102613,0.047533914
131,80238.47,Track,-10.963541,4.467692,-0.28873888
132,100457.0,Shower,-0.017861815,2.0945914,-0.24288926
133,30686.086,Shower,-0.15812874,0.67927706,-0.0060109007
134,114839.83,Shower,-0.023133678,4.27771,0.53619623
135,110755.61,Track,-1.8426824,2.5454357,0.60718644
136,29550.717,Track,-3.7113123,0.27934566,-0.31947622
137,22744.613,Track,-4.0548997,0.32108456,-0.5095813
138,100079.164,Shower,-0.0028839281,1.5994352,0.96423227
139,36993.34,Shower,-0.061882243,4.0521183,0.39178118
140,26971.697,Shower,-0.077920236,1.7491485,-0.34542742
141,80878.84,Track,-0.27512825,6.252322,0.91774213
142,35978.91,Shower,-0.05405794,5.8724637,-0.13317996
143,112262.16,Track,-4.853961,1.6871722,-0.070656024
144,78845.49,Track,-9.92694,3.851886,0.25359568
145,158442.8,Track,-2.3300905,3.8841841,-0.36397758
146,37913.48,Track,-0.7440582,4.6567163,0.14128317
147,98995.1,Shower,-0.00403799,3.672353,-0.28569728
148,44247.86,Track,-7.4181395,1.4785844,-0.7761143
149,98114.836,Shower,-0.03682949,0.5940117,-0.51738256
150,33534.773,Shower,-0.031000663,3.1378314,-0.09005603
151,76622.49,Track,-6.111502,2.9274347,-0.44810846
152,71863.92,Track,-2.84417,1.59449,0.683018
153,35731.258,Shower,0.10405058,4.3859653,-0.54234546
154,55166.504,Shower,-0.067692,0.4328122,0.17297411
155,27625.223,Shower,-0.14002062,2.2815807,0.5290971
156,111455.51,Track,-0.6213364,3.963834,0.025134869
157,67618.01,Track,-1.7935063,5.107744,0.34998605
158,25492.299,Track,-10.641099,4.845091,-0.37391454
159,70391.586,Shower,0.01604647,3.962043,0.2145183
160,104558.42,Shower,-0.016467778,1.0633477,-0.94007957
161,501922.56,Shower,-0.005279822,3.2245133,0.0077982084
162,54084.098,Shower,-0.019292928,3.65081,-0.6439671
163,122475.13,Shower,-0.039058194,2.6848195,-0.1582742
