,nu_e,nu_mu,nu_tau
10115794542599.004,,,
10351421666793.451,,,
10592537251772.896,,,
10839269140212.04,,,
11091748152624.01,,,
11350108156723.143,,,
11614486138403.414,,,
11885022274370.164,,,
12161860006463.703,,,
12445146117713.87,,,
12735030810166.629,,,
13031667784523.0,,,
13335214321633.24,,,
13645831365889.238,,,
13963683610559.363,,,
14288939585111.008,,,
14621771744567.152,,,
14962356560944.36,,,
15310874616820.318,,,
15667510701081.502,,,
16032453906900.418,,,
16405897731995.387,,,
16788040181225.59,,,
17179083871575.86,,,
17579236139586.895,,,
17988709151287.91,,,
18407720014689.582,,,
18836490894898.02,,,
19275249131909.367,,,
19724227361148.535,,,
20183663636815.598,,,
20653801558105.27,,,
21134890398366.434,,,
21627185237270.246,,,
22130947096056.41,,,
22646443075930.617,,,
23173946499684.797,,,
23713737056616.55,,,
24266100950824.145,,,
24831331052955.68,,,
25409727055493.01,,,
26001595631652.668,,,
26607250597988.14,,,
27227013080779.156,,,
27861211686297.723,,,
28510182675039.098,,,
29174270140011.66,,,
29853826189179.57,,,
30549211132155.094,,,
31260793671239.492,,,
31988951096914.04,,,
32734069487883.863,,,
33496543915782.793,,,
34276778654645.047,,,
35075187395256.793,,,
35892193464500.5,,,
36728230049808.42,,,
37583740428844.35,,,
38459178204535.43,,,
39355007545577.805,,,
40271703432545.945,,,
41209751909733.04,,,
42169650342858.23,,,
43151907682776.5,,,
44157044735331.21,,,
45185594437492.17,,,
46238102139925.94,,,
47315125896148.125,,,
48417236758409.99,,,
49545019080479.055,,,
50699070827470.445,,,
51880003892896.09,,,
53088444423098.79,,,
54325033149243.25,,,
55590425727040.26,,,
56885293084384.25,,,
58210321777087.22,,,
59566214352901.09,,,
60953689724016.94,,,
62373483548241.914,,,
63826348619054.83,,,
65313055264747.164,,,
66834391756861.35,,,
68391164728143.07,,,
69984199600227.45,,,
71614341021290.27,,,
73282453313890.44,,,
74989420933245.58,,,
76736148936181.86,,,
78523563461007.1,,,
80352612218561.61,,,
82224264994706.95,,,
84139514164519.64,,,
86099375218460.16,,,
88104887300801.47,,,
90157113760595.7,,,
92257142715476.28,,,
94406087628592.27,,,
96605087898981.22,,,
98855309465693.7,,,
101157945425989.62,,,
103514216667934.52,,,
105925372517728.97,,,
108392691402120.39,,,
110917481526240.1,,,
113501081567231.44,,,
116144861384034.14,,,
118850222743701.66,,,
121618600064637.03,,,
124451461177138.69,,,
127350308101666.3,,,
130316677845230.0,,,
133352143216332.4,,,
136458313658892.39,,,
139636836105593.62,,,
142889395851110.06,,,
146217717445671.53,,,
149623565609443.6,,,
153108746168203.2,,,
156675107010815.0,,,
160324539069004.2,,,
164058977319953.88,,,
167880401812255.9,,,
171790838715758.6,,,
175792361395869.66,,,
179887091512878.38,,,
184077200146895.8,,,
188364908948980.22,,,
192752491319093.66,,,
197242273611485.34,,,
201836636368155.97,,,
206538015581052.7,,,
211348903983664.34,,,
216271852372702.44,,,
221309470960564.1,,,
226464430759306.2,,,
231739464996847.97,,,
237137370566165.53,,,
242661009508241.44,,,
248313310529556.78,,,
254097270554930.12,,,
260015956316526.7,,,
266072505979881.4,,,
272270130807791.56,,,
278612116862977.22,,,
285101826750391.0,,,
291742701400116.56,,,
298538261891795.7,,,
305492111321550.94,,,
312607936712396.2,,,
319889510969139.06,,,
327340694878838.6,,,
334965439157827.94,,,
342767786546450.5,,,
350751873952567.94,,,
358921934645005.0,,,
367282300498084.25,,,
375837404288443.56,,,
384591782045354.3,,,
393550075455778.06,,,
402717034325459.5,,,
412097519097330.44,,,
421696503428582.25,,,
431519076827765.0,,,
441570447353312.06,,,
451855944374921.7,,,
462381021399259.4,,,
473151258961481.25,,,
484172367584099.9,,,
495450190804790.56,,,
506990708274704.44,,,
518800038928960.94,,,
530884444230987.94,,,
543250331492432.5,,,
555904257270404.9,,,
568852930843840.1,,,
582103217770872.1,,,
595662143529011.0,,,
609536897240169.4,,,
623734835482419.1,,,
638263486190548.2,,,
653130552647471.6,,,
668343917568613.5,,,
683911647281430.6,,,
699841996002274.5,,,
716143410212902.8,,,
732824533138904.5,,,
749894209332455.9,,,
767361489361818.6,,,
785235634610071.0,,,
803526122185616.1,,,
822242649947069.5,,,
841395141645196.5,,,
860993752184601.6,,,
881048873008014.6,,,
901571137605957.0,,,
922571427154762.9,,,
944060876285922.6,,,
966050878989812.1,,,
988553094656941.1,,,
1011579454259896.2,,,
1035142166679345.1,,,
1059253725177289.8,,,
1083926914021203.9,,,
1109174815262400.9,,,
1135010815672314.2,,,
1161448613840341.5,,,
1188502227437016.5,,,
1216186000646370.5,,,
1244514611771387.0,,,
1273503081016663.0,,,
1303166778452300.0,,,
1333521432163324.0,,,
1364583136588923.8,,,
1396368361055936.2,,,
1428893958511100.8,,,
1462177174456715.2,,,
1496235656094435.8,,,
1531087461682032.0,,,
1566751070108150.2,,,
1603245390690041.8,,,
1640589773199538.8,,,
1678804018122559.0,,,
1717908387157586.0,,,
1757923613958696.8,,,
1798870915128783.8,,,
1840772001468958.2,,,
1883649089489802.0,,,
1927524913190936.8,,,
1972422736114853.5,,,
2018366363681559.8,,,
2065380155810527.0,,,
2113489039836643.2,,,
2162718523727024.5,,,
2213094709605641.0,,,
2264644307593062.0,,,
2317394649968479.5,,,
2371373705661655.5,,,
2426610095082414.5,,,
2483133105295568.0,,,
2540972705549301.5,,,
2600159563165267.0,,,
2660725059798814.0,,,
2722701308077915.5,,,
2786121168629772.0,,,
2851018267503910.0,,,
2917427014001166.0,,,
2985382618917957.0,,,
3054921113215509.0,,,
3126079367123962.0,,,
3198895109691390.5,,,
3273406948788386.0,,,
3349654391578279.5,,,
3427677865464504.5,,,
3507518739525679.5,,,
3589219346450050.0,,,
3672823004980842.5,,,
3758374042884435.5,,,
3845917820453543.0,,,
3935500754557780.5,,,
4027170343254595.0,,,
4120975190973304.0,,,
4216965034285822.5,,,
4315190768277650.0,,,
4415704473533120.5,,,
4518559443749217.0,,,
4623810213992594.0,,,
4731512589614813.0,,,
4841723675840999.0,,,
4954501908047905.0,,,
5069907082747044.0,,,
5188000389289609.0,,,
5308844442309879.0,,,
5432503314924325.0,,,
5559042572704049.0,,,
5688529308438401.0,,,
5821032177708722.0,,,
5956621435290109.0,,,
6095368972401694.0,,,
6237348354824191.0,,,
6382634861905483.0,,,
6531305526474716.0,,,
6683439175686135.0,,,
6839116472814307.0,,,
6998419960022745.0,,,
7161434102129027.0,,,
7328245331389044.0,,,
7498942093324558.0,,,
7673614893618186.0,,,
7852356346100710.0,,,
8035261221856161.0,,,
8222426499470695.0,,,
8413951416451965.0,,,
8609937521846016.0,,,
8810488730080147.0,,,
9015711376059570.0,,,
9225714271547628.0,,,
9440608762859226.0,,,
9660508789898122.0,,,
9885530946569412.0,,,
